{
  "admin_account_changepin": "on",
  "staff_account_changepin": "off",
  "admin_dashboard_share": "on",
  "staff_dashboard_share": "off",
  "admin_dashboard_done": "on",
  "staff_dashboard_done": "off",
  "admin_user_add": "on",
  "staff_view_users": "off",
  "staff_user_add": "off",
  "admin_user_changelocation": "on",
  "staff_user_changelocation": "off",
  "admin_user_setdefaultlocation": "on",
  "staff_user_setdefaultlocation": "off",
  "admin_user_removelocation": "on",
  "staff_user_removelocation": "off",
  "admin_user_changeaudio": "on",
  "staff_user_changeaudio": "off",
  "admin_user_remove": "on",
  "staff_user_remove": "off",
  "admin_user_link": "on",
  "staff_user_link": "off",
  "admin_user_devices": "on",
  "staff_user_devices": "off",
  "pb_map_setting": "off",
  "admin_view_setting": "on",
  "staff_view_setting": "off",
  "admin_setting": "on",
  "staff_setting": "off",
  "pb_map_setting_restrictedlist": [],
  "pb_map_setting_grantedlist": [],
  "location": [
    12541966.68,
    -890888.6800000014
  ]
}